{
    "AWSEBDockerrunVersion": "2",
    "volumes": [
        {
            "name": "app-config",
            "host": {
                "sourcePath": "/var/app/current/app/mattermost/config"
            }
        },
        {
            "name": "app-data",
            "host": {
                "sourcePath": "/var/app/current/app/mattermost/data"
            }
        },
        {
            "name": "app-logs",
            "host": {
                "sourcePath": "/var/app/current/app/mattermost/logs"
            }
        },
        {
            "name": "db-data",
            "host": {
                "sourcePath": "/var/app/current/db/mattermost/var/lib/postgresql/data"
            }
        },
        {
            "name": "web-etc-letsencrypt",
            "host": {
                "sourcePath": "/var/app/current/web/etc/letsencrypt"
            }
        },
        {
            "name": "web-var-lib-letsencrypt",
            "host": {
                "sourcePath": "/var/app/current/web/var/lib/letsencrypt"
            }
        }
    ],
    "containerDefinitions": [
        {
            "name": "db",
            "image": "mattermost/mattermost-prod-db:latest",
            "memory": 128,
            "mountPoints": [
                {
                    "sourceVolume": "db-data",
                    "containerPath": "/var/lib/postgresql/data"
                }
            ],
            "environment": [
                {
                    "name": "POSTGRES_USER",
                    "value": "mmuser"
                },
                {
                    "name": "POSTGRES_PASSWORD",
                    "value": "mmuser_password"
                },
                {
                    "name": "POSTGRES_DB",
                    "value": "mattermost"
                },
                {
                    "name": "AWS_ACCESS_KEY_ID",
                    "value": ""
                },
                {
                    "name": "AWS_SECRET_ACCESS_KEY",
                    "value": ""
                },
                {
                    "name": "WALE_S3_PREFIX",
                    "value": "t"
                },
                {
                    "name": "AWS_REGION",
                    "value": ""
                }
            ]
        },
        {
            "name": "app",
            "image": "brocoli/mattermost-prod-app:latest",
            "memory": 128,
            "mountPoints": [
                {
                    "sourceVolume": "app-config",
                    "containerPath": "/mattermost/config"
                },
                {
                    "sourceVolume": "app-data",
                    "containerPath": "/mattermost/data"
                },
                {
                    "sourceVolume": "app-logs",
                    "containerPath": "/mattermost/logs"
                }
            ],
            "links": [
                "db"
            ]
        },
        {
            "name": "web",
            "image": "brocoli/mattermost-prod-web-with-certbot:latest",
            "command": [
                "nginx",
                "-g",
                "daemon off;"
            ],
            "memory": 128,
            "mountPoints": [
                {
                    "sourceVolume": "web-etc-letsencrypt",
                    "containerPath": "/etc/letsencrypt"
                },
                {
                    "sourceVolume": "web-var-lib-letsencrypt",
                    "containerPath": "/var/lib/letsencrypt"
                }
            ],
            "environment": [
                {
                    "name": "APP_DOMAIN",
                    "value": "brocoli-mattermost.us-east-1.elasticbeanstalk.com"
                }
            ],
            "portMappings": [
                {
                    "hostPort": 80,
                    "containerPort": 80
                },
                {
                    "hostPort": 443,
                    "containerPort": 443
                }
            ],
            "links": [
                "app"
            ]
        }
    ]
}